2D Distance to Edge Circle Packing	二维边缘距离圆密堆积
2D Looped Noise Texture	2D循环噪波纹理
2D Triangular Remesh	2D三角重构网格
3 Planes Intersection	三平面交点
3D Fill Curve	3D填充曲线
3D Points Grid	3D网格点
4 Points Sphere	四点定球
Advect Splines	样条平流
Align Curve to Surface	曲线对齐表面
Array	阵列
Belousov-Zhabotinsky Reaction	别洛乌索夫–扎博廷斯基反应
Bend	弯曲
Bezier Easing	贝塞尔缓入缓出
Bezier Extend	贝塞尔延伸
Bezier Resample	贝塞尔重采样
Blend Curves	曲线混合
Boundary Edge	网格边界
Boundary Edge Smooth	边界边平滑
Bounding Box AABB Collision	轴对齐边界框碰撞检测
Bounding Region Selection	边界框范围选择
Box Selection	框选
Bricks Grid	砖墙
Cairo Tile Grid	开罗五边形平铺网格
Camera Culling	摄像机剔除
Camera Grid	相机网格
Camera Perspective Shift	相机透视偏移
Camera Perspective to Orthographic Transform	相机透视转正交变换
Camera UV Coordinates	相机UV坐标
Camera View Flatten	相机视图展平
Camera View Transform	相机视图变换
Capareda Curve	卡帕雷达曲线
Capsule	胶囊
Cartesian to Polar	笛卡尔坐标转极坐标
Checker Selection	棋盘格选择
Circle Packing	圆密堆积
Circles Arc Tangent	圆间相切圆弧
Circles Line Tangent	圆间公切线
Circular Array	圆形阵列
Connect Points	点连线
Correct UV	校正UV
Cube Deform	基于边界框形变
Cube Recursive Subdivision	立方体递归细分
Curl Noise 2D	2D噪波力场
Curl Noise 3D	3D噪波力场
Curve Banking	曲线间隔倾斜
Curve Bisect	平面裁切曲线
Curve Circle Arc Tangent	曲线圆弧相切
Curve Circle Line Tangent	圆内外切线曲线
Curve Deform	曲线形变
Curve Forward Kinematics	曲线正向运动学
Curve Intersection	曲线交点
Curve Median Axis 2D	二维曲线中轴
Curve Mesh Boolean	曲线布尔裁切
Curve Offset	曲线偏移
Curve Point Angle	曲线拐角角度
Curves Inverse Kinematics	曲线反向运动学
Cylinder UV Mapping	柱体UV映射
Decimate Curve	精简曲线
Differential Growth	差异生长
Direction Object Space to UV Space Transform	方向从物体空间变换到UV空间
Direction Visualize	方向可视化
Directional Falloff	定向衰减
Directional Reaction Diffusion	定向扩散求解器
Displace	置换
Distance to Edge Voronoi	Voronoi到边缘的距离
Distribute Points in Volume	分布点于体积
Distribute Points on Edges	分布点于边上
Documentation Higgsas Geo Nodes	Higgsas几何节点文档
Dragon Curve	龙形曲线
Dubins CSC Path	Dubins圆弧直线圆弧路径
Dynamic Catenary Splines	自适应悬链
Easing	缓入缓出
Edge Angle Selection	边角度选择
Edge Bisect	边平面切分
Edge Bundling	边集束
Edge Offset	边偏移
Even Curve to Mesh	曲线转网格（均匀）
Even Grid Profile Surface	轮廓曲面均匀网格
Expand / Contract Selection	扩展或收缩选择
Face Offset	面均匀偏移
Face Points Grid Distribution	面上网格点分布
Face Tangent	面切向
Face UV	面UV
Fit in Camera	适配相机视野
Fit Line 2D	二维直线拟合
Fit Plane	平面拟合
Fit Size	适应大小
Flatten Geometry	几何体展平
Gabriels Horn	加百列号角
Geo nodes groups	几何节点组总览
Geometry Center	几何中心
Geometry Visualizer	几何查看器
Gradient Direction	向量渐变方向
Heart	心形曲线
Herringbone Tile Grid	人字形平铺网格
Hexagon Grid	六边形网格
Hilbert Curve	二维希尔伯特曲线
Homogeneous Disk	均匀圆盘点
Homogeneous Sphere	均匀球体点
Hopscotch Tile Grid	大小方砖平铺网格
Image Box Mapping	图像立方体映射
Image Color Palette	图像调色板
Image Dithering	图像抖色
Image Grid	图像网格
Image Hilbert Curve	图像希尔伯特曲线
Image Pixel Sorting	图像像素排序
Image Points Distribute	分布点于图像上
Image Points Stippling	图像点描
Image Quad Tree	图像四叉树
Image String Art	图像绕线画
Image Thinning	图像细化
Image to Ascii	图像转ASCII字符
Image Trace	图像描摹
Index Falloff	索引衰减
Index Selection	索引选择
Index String Selection	索引字符串选择
Infinite Cube	无限立方体
Inset Face	内插面
Instances AABB Colision	删除交叉实例（轴对齐边框）
Instances Bounding Box	实例边界框
Instances Index Ratio	编号比率
Instances Tile	实例平铺
Is Inside Volume	是否在体积内
Isometric Tile Grid	等轴测平铺网格
Klein Bottle	克莱因瓶
Line Line Intersection	两直线交点
Line Plane Intersection	直线与无限平面交点
Lissajous Curve	利萨茹曲线
Loft Splines	曲线放样
Looped Noise Texture	循环噪波纹理
Marching Squares Isolines	切割交汇线（四边面网格）
Marching Squares Surface	纹理切割表面（四边面）
Marching Triangles Isolines	切割交汇线（三角网格）
Marching Triangles Surface	纹理切割表面（三角面）
Maze Solver	生成迷宫
Mesh Ambient Occlusion	网格AO
Mesh Auxetic Structure	网格负泊松比结构
Mesh Contours	网格切片
Mesh Curvature	网格曲率
Mesh Curves Direction Guide	网格曲线方向引导
Mesh Face Divider	随机分割面
Mesh Face Groups Relax	网格面组松弛
Mesh Face Recursive Subdivision	网格面递归细分
Mesh Face Subdivide	网格细分（自定义）
Mesh Falloff	网格衰减
Mesh Fresnel	网格菲涅尔
Mesh Islands to Instances	网格孤岛转实例
Mesh Measure	网格测量
Mesh Offset	网格偏移
Mesh Points Fracture	网格点破碎
Mesh Relax	网格松弛
Mesh Smooth Delete	网格平滑删除
Mesh Tension	网格张力
Mesh Thickness	网格厚度
Mesh to Ascii	网格转ASCII字符
Mesh To SDF	网格到SDF
Mesh Topology Face Strips	网格拓扑面条带
Mesh Unfold	网格展开
Mesh UV Unfold	网格UV展开
Mirror	镜像
Mix Splines	混合曲线
Mobius Transformation	莫比乌斯变换
Object Directional Falloff	物体方向衰减
Object Spherical Falloff	物体球形衰减
Oloid	奥洛伊德
Phyllotaxis Disk	叶序圆盘点
Phyllotaxis Profile Surface	叶序点于车削曲面上
Phyllotaxis Sphere	叶序球体点
Place Instances on Ground	实例贴地放置
Planarize Face	面平化
Plane Plane Intersection	两平面交线
Points Cluster	点聚类
Points Relax in Volume	体积内点松弛
Points Relax on Surface	表面点松弛
Points to SDF	点到SDF
Points to SDF Metaballs	点到光滑SDF
Polar to Cartesian	极坐标转笛卡尔坐标
Poly Arc	线转连续圆弧
Projectile Trajectory	抛射轨迹
Pyramid	棱锥
Quad Disk	四边面圆盘
Quad Sphere	四边面球体
Radial Falloff	径向衰减
Random Normal Distribution	随机正态分布值
Random Points	随机点
Ray Sphere Intersection	射线与球体交点
Reaction Diffusion Solver	反应扩散求解器
Ripples Solver	涟漪求解器
Rotate Element	旋转元素
Rounded Cone	圆角锥体
Rounded Cube	倒角立方体
Scales Texture	鳞片纹理
SDF Boolean	SDF布尔
SDF Capsule	SDF胶囊
SDF Cube	SDF立方体
SDF Cylinder	SDF圆柱体
SDF Ellipsoid	SDF椭球体
SDF Gyroid	SDF螺旋极小曲面
SDF Heart	SDF心形
SDF IWP	SDF IWP曲面
SDF IWP Skeletal	SDF IWP骨架
SDF Lidinoid	SDF利迪诺伊德曲面
SDF Polygon	SDF多边形
SDF Round Cone	SDF圆角锥体
SDF Schwarz D	SDF施瓦茨D曲面
SDF Schwarz P	SDF施瓦茨P曲面
SDF Sphere	SDF球体
SDF Spiral	SDF螺旋
SDF to Mesh	SDF到网格
SDF Torus	SDF环体
SDF Volume Points Fracture	SDF体积点破碎
Select by Normal	通过法线进行选择
Set Center	设置原点
Shadow Mask	阴影遮罩
Sharpen Mesh	网格尖锐迭代
Shortest Points Path	点间最短路径
Snow Crystal Growth	雪晶生长
Solidify	实体化
Sphere Plane Intersection	球体与平面交线
Sphere Sphere Intersection	两球交线
Sphere UV Mapping	球体UV映射
Spheres Intersections	多球相交
Spherical Falloff	球形衰减
Spherical Spiral	球面螺旋
Spin	车削
Splines Packing	移除重叠样条管
Splines Patch	四曲线建立曲面
Spur Gear	直齿轮
Stereographic Projection	球极投影
Strange Attractors	奇异吸引子
Stretch	拉伸
Super Ellipse	超椭圆
Super Ellipsoid	超椭球
Surface Bind	表面绑定
Surface Curl Noise	表面噪波力场
Taper	锥化
Tessellate Mesh	镶嵌物体于面上
Tessellate Mesh Smooth	镶嵌物体于面上（平滑）
Tessellate Topology Helper	镶嵌物体拓扑工具
To Sphere	到球形
Torus	环体
Torus Knot	圆环结
Triangle Circumcircle	三角形外接圆
Triangle Grid	三角网格
Triangle Incircle	三角形内切圆
Triangle Mesh Circle Packing	三角网格圆密堆积
Triangle Mesh to Voronoi	三角网格转Voronoi
Triangle Tangent Circles	三角形三切圆半径
Triplanar UV Mapping	三平面UV映射
TSP Mesh	网格旅行商路径
Tubes to Splines	管转曲线
Twist	扭曲
Twist Curve	曲线螺旋化
UV Align to Direction	UV对齐方向
UV Curve to Mesh	曲线转网格（UV）
UV Deform	基于UV形变
UV Measure	UV测量
UV Mirror	UV镜像
UV Seam	UV接缝
UV Tangent	UV切向
UV Transform	UV变换
VDM Brush	设置VDM笔刷
VDM Points Scatter	分布VDM笔刷点
Volume Grid Visualize	体积栅格可视化
Volume Points Grid	体积网格点
Voxel Remesh	体素重构网格
Wave Falloff	波浪衰减
Wrap	包裹
